{
    "schemes": [
        "http"
    ],
    "swagger": "2.0",
    "info": {
        "description": "API Doc for user service.",
        "title": "userservice",
        "contact": {
            "name": "hertz-contrib",
            "url": "https://github.com/hertz-contrib"
        },
        "license": {
            "name": "Apache 2.0",
            "url": "http://www.apache.org/licenses/LICENSE-2.0.html"
        },
        "version": "1.0"
    },
    "host": "localhost:8888",
    "basePath": "/",
    "paths": {
        "/admin/block_user": {
            "post": {
                "description": "封禁指定用户/IP",
                "consumes": [
                    "application/json"
                ],
                "produces": [
                    "application/json"
                ],
                "summary": "添加黑名单条目",
                "responses": {}
            }
        },
        "/admin/unblock": {
            "delete": {
                "description": "解除封禁",
                "consumes": [
                    "application/json"
                ],
                "produces": [
                    "application/json"
                ],
                "summary": "移除黑名单条目",
                "responses": {}
            }
        },
        "/product": {
            "get": {
                "description": "这是一段Description",
                "consumes": [
                    "application/json"
                ],
                "produces": [
                    "application/json"
                ],
                "summary": "这是一段Summary",
                "responses": {}
            },
            "put": {
                "description": "这是一段Description",
                "consumes": [
                    "application/json"
                ],
                "produces": [
                    "application/json"
                ],
                "summary": "这是一段Summary",
                "responses": {}
            },
            "post": {
                "description": "这是一段Description",
                "consumes": [
                    "application/json"
                ],
                "produces": [
                    "application/json"
                ],
                "summary": "这是一段Summary",
                "responses": {}
            },
            "delete": {
                "description": "这是一段Description",
                "consumes": [
                    "application/json"
                ],
                "produces": [
                    "application/json"
                ],
                "summary": "这是一段Summary",
                "responses": {}
            }
        },
        "/product/search": {
            "get": {
                "description": "这是一段Description",
                "consumes": [
                    "application/json"
                ],
                "produces": [
                    "application/json"
                ],
                "summary": "这是一段Summary",
                "responses": {}
            }
        }
    }
}